id,test_id,question,option_1,option_2,option_3,option_4,option_5
1,1,"Решите уравнение: 3x+5=20","x = 4","x = 5","x = 6",,
2,1,"Найдите значение выражения 2a−3b, если a=2, b=2.",5,2,14,,
3,1,"Какой из следующих многочленов является квадратом двучлена?","x² + 4x + 4","x² + 2x + 1","x² - 2x + 4",,
4,1,"Упростите выражение 5(x+2)−3x.","2x + 6","5x - 6","2x + 10",,
5,1,"Решите неравенство: 2x−7<3","x < 5","x < 2","x < -2",,
6,1,"Какие из следующих чисел являются решениями уравнения x²−4=0?",-4,-2,4,0,2
7,1,"Какие из следующих выражений равны 2(a+b)?","2a + 2b","a + b + a + b",2(a+b),a²+b²,2ab
8,1,"Какие из следующих выражений равны (x+3)(x−3)?",x²-9,x²+9,x²-6x+9,(x+3)(x-3),x²-3x+3x-9
9,1,"Найдите значение выражения 3(2x−4)/x+2 при x=4.",,,,,
10,1,"Решите уравнение (2/x-1)+3=7.",,,,,
11,2,"Решите уравнение: 5x−7=3x+9","x = 8","x = -8","x = 2",,
12,2,"Найдите значение выражения 3a²−4b, если a=2, b=1.",8,10,12,,
13,2,"Какой из следующих многочленов является разностью квадратов?",x²+4x+4,x²-16,x²-4x+4,,
14,2,"Упростите выражение 4(x−3)+2x.",6x-12,2x-12,6x+12,,
15,2,"Решите неравенство: 3x+5≤2x+8",x≤3,x≤-3,x≤2,,
16,2,"Какие из следующих чисел являются решениями уравнения x²−9=0?",3,-3,9,0,-9
17,2,"Какие из следующих выражений равны 3(a+b)?",a+b+a+b+a+b,3a+3b,3ab,3(a+b),a²+b²
18,2,"Какие из следующих выражений равны (x+4)(x−4)?",x²+16,x²-16,x²-4x+4x-16,(x+4)(x-4),x²−8x+16
19,2,"Найдите значение выражения 4(2x−4)/x+1 при x=2.",,,,,
20,2,"Решите уравнение (3/x-2)+4=7.",,,,,
21,3,"Решите уравнение: 7x−3=2x+12","x = 3","x = 2","x = -3",,
22,3,"Найдите значение выражения 4a²−5b, если a=2, b=1.",11,12,14,,
23,3,"Какой из следующих многочленов является разностью квадратов?",x²+6x+9,x²-6x+9,x-25,,
24,3,"Упростите выражение 5(x−2)+3x.",5x-10+3x,8x-10,2x-10,,
25,3,"Решите неравенство: 4x+3≤3x+7",x≤3,x≤-3,x≤4,,
26,3,"Какие из следующих чисел являются решениями уравнения x²−16=0?",4,-4,16,-16,0
27,3,"Какие из следующих выражений равны 4(a+b)?",a+b+a+b+a+b+a+b,4a+4b,4ab,a²+b²,4(a+b)
28,3,"Какие из следующих выражений равны (x+5)(x−5)?",x²−25,x²+25,x²−10x+25,(x+5)(x-5),x²+5
29,3,"Найдите значение выражения 5(2x-3)/x+2 при x=3.",,,,,
30,3,"Решите уравнение (4/x-1)+5=9.",,,,,
31,4,"Решите уравнение: = log2(x²−3x+2)=1",x=1,x=2,x=3,,
32,4,"Найдите предел: limx->∞ 3x²+2x−1/5x²-x+4",3/5,0,∞,,
33,4,"Решите неравенство:e^x>5",x>ln5,x<ln5,x>5,,
34,4,"Найдите производную функции: f(x)=x³−6x²+9x+2",f'(x)=3x²−12x+9,f'(x)=3x²-6x+9,f'(x)=3x²-12x,,
35,4,"Решите систему уравнений:
x + y = 5 
x - y = 3","(x=4, y=1)","(x=2, y=3)","(x=3, y=2)",,
36,4,"Какие из следующих чисел являются корнями уравнения (x⁴ - 16 = 0)?",4,2,-4,-2,0
37,4,"Какие из следующих выражений равны d/dx(sinx)?",cosx,-cosx,sinx,-sinx,1
38,4,"Какие из следующих функций являются четными?",f(x)=e^x,f(x)=x³,f(x)=x²,f(x)=sinx,f(x)=cosx
39,4,"Найдите интеграл:∫(3x²−2x+1)dx.",,,,,
40,4,"Решите уравнение: 2^2x=32.",,,,,
41,5,"Решите уравнение: e^2x=7",x=ln7/2,x=2ln7,x=ln7,,
42,5,"Найдите предел: limₓ→₀ sin5x/x",5,0,1,,
43,5,"Решите уравнение: ln(x²−1)=0",x=±√2,x=±1,x=2,,
44,5,"Найдите производную функции: f(x)=x³−2x+1/x",f′(x)=2x+1/x²,f′(x)=x²-2x+1,f′(x)=2x-1/x²,,
45,5,"Решите систему уравнений:
x²+y²=25
x-y=1","(x = 4, y = 3)","(x = 3, y = 4)","(x = 1, y = 4)",,
46,5,"Какие из следующих выражений являются корнями уравнения (x⁴-16=0)?",0,2,-2,5,-4
47,5,"Какие из следующих выражений равны d/dx(cosx)?",sinx,-sinx,cosx,-cosx,1
48,5,"Какие из следующих функций являются нечетными?",f(x)=x³,f(x)=x²,f(x)=sinx,f(x)=cosx,f(x)=e^x
49,5,"Найдите интеграл: 
∫(2x³−x²+3x−5)dx.",,,,,
50,5,"Решите уравнение: 
log₃(x²−1)=2.",,,,,
